Model,RMSE,MAE,Rý
Linear Regression,4750043.157,3057311.135,0.526890821
Decision Tree,3514375.881,2071382.755,0.741022113
XGBoost,3081056.456,1753957.04,0.800948445
