Model,RMSE,MAE,R²
Linear Regression,4750043.1571153095,3057311.135082983,0.5268908210467516
Decision Tree,3514375.881009184,2071382.7548504404,0.7410221133710307
XGBoost,3081056.4561370127,1753957.0403681658,0.8009484445937611
